run_label,run_dir,classifier,selection,source_col,feature_set,model,threshold_name,n,positives,auroc,auprc,sensitivity,specificity,ppv,npv,accuracy,tp,fp,tn,fn
old_metadata_multitask_alpha025,angle_closure_screening,direct_probability,threshold_from_validation_youden,,,,youden_from_val,81,8,0.5599315068493151,0.1993490094496914,0.625,0.547945205479452,0.131578947368421,0.9302325581395348,0.5555555555555556,5,33,40,3
pure_image_classifier,angle_closure_image_only_cls,direct_probability,threshold_from_validation_youden,,,,youden_from_val,81,8,0.3167808219178083,0.0773076600471447,0.25,0.6301369863013698,0.0689655172413793,0.8846153846153846,0.5925925925925926,2,27,46,6
image_only_multitask_baseline,angle_closure_image_only_multitask,direct_probability,threshold_from_validation_youden,,,,youden_from_val,81,8,0.6626712328767124,0.1574822510085008,0.875,0.4520547945205479,0.1489361702127659,0.9705882352941176,0.4938271604938271,7,40,33,1
image_only_multitask_baseline,angle_closure_image_only_multitask,best_shallow_meta_risk_by_validation,candidate_and_threshold_selected_on_validation,,temporal_angle,logreg_balanced,youden_from_val,81,8,0.702054794520548,0.165860206528277,0.875,0.6301369863013698,0.2058823529411764,0.9787234042553192,0.654320987654321,7,27,46,1
image_only_multitask_baseline,angle_closure_image_only_multitask,best_shallow_meta_risk_test_diagnostic,diagnostic_only_sorted_by_test_not_for_final_selection,,angle_all,rf_depth2,spec80_from_val,81,8,0.7568493150684932,0.2097349369040545,0.875,0.6986301369863014,0.2413793103448276,0.9807692307692308,0.7160493827160493,7,22,51,1
van_temporal_multitask_quick,angle_closure_multitask_van_temporal_quick,direct_probability,threshold_from_validation_youden,,,,youden_from_val,63,6,0.6491228070175439,0.1742452354408876,1.0,0.4035087719298245,0.15,1.0,0.4603174603174603,6,34,23,0
van_temporal_multitask_quick,angle_closure_multitask_van_temporal_quick,best_single_predicted_biomarker,biomarker_threshold_from_validation_youden,pred_aod500_nasal_mm,,,youden_from_val,63,6,0.7997076023391814,0.4123015873015873,0.6666666666666666,0.7543859649122807,0.2222222222222222,0.9555555555555556,0.746031746031746,4,14,43,2
van_temporal_multitask_quick,angle_closure_multitask_van_temporal_quick,best_shallow_meta_risk_by_validation,candidate_and_threshold_selected_on_validation,,nasal_angle,logreg_balanced,youden_from_val,63,6,0.804093567251462,0.4230263157894737,0.5,0.7894736842105263,0.2,0.9375,0.7619047619047619,3,12,45,3
van_temporal_multitask_quick,angle_closure_multitask_van_temporal_quick,best_shallow_meta_risk_test_diagnostic,diagnostic_only_sorted_by_test_not_for_final_selection,,temporal_angle,rf_depth2,balanced_from_val,63,6,0.7865497076023392,0.3636173767752715,0.8333333333333334,0.7017543859649122,0.2272727272727272,0.975609756097561,0.7142857142857143,5,17,40,1
van_temporal_angle4_regstrong_failed,angle_closure_van_temporal_angle4_regstrong,direct_probability,threshold_from_validation_youden,,,,youden_from_val,63,6,0.5482456140350878,0.1214438339438339,0.5,0.5087719298245614,0.0967741935483871,0.90625,0.5079365079365079,3,28,29,3
van_temporal_angle4_regstrong_failed,angle_closure_van_temporal_angle4_regstrong,best_single_predicted_biomarker,biomarker_threshold_from_validation_youden,pred_aod500_temporal_mm,,,youden_from_val,63,6,0.6228070175438596,0.2895428373369549,0.5,0.5789473684210527,0.1111111111111111,0.9166666666666666,0.5714285714285714,3,24,33,3
van_temporal_angle4_regstrong_failed,angle_closure_van_temporal_angle4_regstrong,best_shallow_meta_risk_by_validation,candidate_and_threshold_selected_on_validation,,angle_all,logreg_balanced,youden_from_val,63,6,0.5994152046783626,0.2796862710135021,0.5,0.6491228070175439,0.1304347826086956,0.925,0.6349206349206349,3,20,37,3
van_temporal_angle4_regstrong_failed,angle_closure_van_temporal_angle4_regstrong,best_shallow_meta_risk_test_diagnostic,diagnostic_only_sorted_by_test_not_for_final_selection,,temporal_angle,logreg_balanced,balanced_from_val,63,6,0.6081871345029239,0.2820383375349419,0.5,0.6491228070175439,0.1304347826086956,0.925,0.6349206349206349,3,20,37,3
usable_anatomy6_mean_failed,angle_closure_usable_anatomy6_mean_regbalanced,direct_probability,threshold_from_validation_youden,,,,youden_from_val,81,8,0.6455479452054794,0.1645993156075802,0.625,0.4520547945205479,0.1111111111111111,0.9166666666666666,0.4691358024691358,5,40,33,3
usable_anatomy6_mean_failed,angle_closure_usable_anatomy6_mean_regbalanced,best_single_predicted_biomarker,biomarker_threshold_from_validation_youden,pred_tisa500_nasal_mm2,,,youden_from_val,81,8,0.7123287671232876,0.3766576698155646,0.625,0.6438356164383562,0.1612903225806451,0.94,0.6419753086419753,5,26,47,3
usable_anatomy6_mean_failed,angle_closure_usable_anatomy6_mean_regbalanced,best_shallow_meta_risk_by_validation,candidate_and_threshold_selected_on_validation,,compact_temporal_anatomy,rf_depth2,youden_from_val,81,8,0.6892123287671232,0.1981943546649429,0.5,0.6575342465753424,0.1379310344827586,0.9230769230769232,0.6419753086419753,4,25,48,4
usable_anatomy6_mean_failed,angle_closure_usable_anatomy6_mean_regbalanced,best_shallow_meta_risk_test_diagnostic,diagnostic_only_sorted_by_test_not_for_final_selection,,nasal_angle,logreg_balanced,youden_from_val,81,8,0.7071917808219178,0.3768354120811934,0.625,0.6712328767123288,0.1724137931034483,0.9423076923076924,0.6666666666666666,5,24,49,3
roi_local_aod_tisa_sharedsplit,angle_closure_roi_local_combined_aod_tisa_sharedsplit,best_shallow_meta_risk_by_validation,shared_split_candidate_selected_on_validation,,temporal_angle_plus_clinical,rf_depth2,balanced_from_val,68,6,0.6317204301075269,0.1518708570577372,0.5,0.7258064516129032,0.15,0.9375,0.7058823529411765,3,17,45,3
roi_local_aod_tisa_acd_lv_sharedsplit,angle_closure_roi_local_combined_aod_tisa_acd_lv_sharedsplit,best_shallow_meta_risk_by_validation,shared_split_candidate_selected_on_validation,,temporal_angle,logreg_balanced,youden_from_val,68,6,0.5403225806451613,0.1044300284093713,0.3333333333333333,0.6612903225806451,0.0869565217391304,0.9111111111111112,0.6323529411764706,2,21,41,4
